{"api-examples.md":"CUDPQ5xy","dapp_counter.md":"zfldtkUx","dapp_readme.md":"CSd0B23X","hardhat_console.md":"wUv1Xrf2","hardhat_contract.md":"CAqLQd2y","hardhat_fork.md":"CmPRUELQ","hardhat_hre.md":"CBJaAb45","hardhat_readme.md":"C8jL0m6P","hardhat_setup.md":"LmpeYyYM","hardhat_task.md":"CZsvLuYd","index.md":"BiZ--jP6","solidity_address.md":"C_315ip3","solidity_array.md":"D3rJNUl4","solidity_assert.md":"Bj1fx_IA","solidity_base.md":"DfOz99fn","solidity_call-parent.md":"CosS-R5f","solidity_condition.md":"B0M6jSAb","solidity_const.md":"FRJjC94B","solidity_constructor-muli.md":"C9W0qQBG","solidity_contract-struct.md":"BuTlDCrH","solidity_crypto.md":"CZsAES8q","solidity_data-location.md":"Bro6kaXR","solidity_data-trans.md":"C8WN5D0P","solidity_datatype.md":"4P8ZY7Xy","solidity_enum.md":"BpDRUJ-y","solidity_event.md":"nmYMzG9p","solidity_func.md":"BvsvFjlG","solidity_immutable.md":"DTVWMWtN","solidity_inherit-multi.md":"DmCD4xnO","solidity_inherit.md":"CYPuZGc7","solidity_log.md":"D6oDheO5","solidity_loop.md":"CHgLtO71","solidity_mapping.md":"CIJqSDJY","solidity_notes.md":"DvpKA3P3","solidity_operator.md":"RKfro9zC","solidity_proc.md":"CWAShD3o","solidity_readme.md":"BBu4C35O","solidity_refer.md":"Bv0XvBPq","solidity_right.md":"C5eMvop0","solidity_setup.md":"DpHepLoC","solidity_string.md":"Chyq30r1","solidity_struct.md":"CGPpUOuC","solidity_value.md":"DW5oRLLJ","solidity_var-default.md":"D7DixvKB","solidity_var-scope.md":"DrhMl3dU","solidity_var-spec.md":"dcp6z-8Z","solidity_var.md":"CDpfAdKP","web3js_abi.md":"iwEcOfHm","web3js_access.md":"Cj-HExo5","web3js_account.md":"Bp5pOAIL","web3js_blockchain.md":"DymTF2-_","web3js_call-func.md":"CI0svBct","web3js_deploy.md":"DjKSfLAi","web3js_event.md":"WOKa8k75","web3js_execute.md":"ChzzLToV","web3js_method.md":"wDOpUdhX","web3js_query.md":"DqWApXhf","web3js_readme.md":"Cgqwl7lu","web3js_setup.md":"Bhr-hNtM","web3js_transaction-summary.md":"BGVr6Zs3","web3js_transaction.md":"Da0dM-Al"}
